Handle,Title,Body (HTML),Vendor,Type,Tags,Published,Option1 Name,Option1 Value,Option2 Name,Option2 Value,Option3 Name,Option3 Value,Variant SKU,Variant Grams,Variant Inventory Tracker,Variant Inventory Qty,Variant Inventory Policy,Variant Fulfillment Service,Variant Price,Variant Compare At Price,Variant Requires Shipping,Variant Taxable,Variant Barcode,Image Src,Image Position,Image Alt Text,Gift Card,SEO Title,SEO Description,Google Shopping / Google Product Category,Google Shopping / Gender,Google Shopping / Age Group,Google Shopping / MPN,Google Shopping / AdWords Grouping,Google Shopping / AdWords Labels,Google Shopping / Condition,Google Shopping / Custom Product,Google Shopping / Custom Label 0,Google Shopping / Custom Label 1,Google Shopping / Custom Label 2,Google Shopping / Custom Label 3,Google Shopping / Custom Label 4,Variant Image,Variant Weight Unit,Variant Tax Code,Cost per item
midnight-masquerade,Midnight Masquerade,"<p>Itâ€™s a ball! Our newest collaboration with Disney features a 15 pan shadow palette featuring party ready shades inspired by your favorite Disney princesses! Includes buttery mattes, lux metallics, and sparkling Pressed Glitters!</p><p>This item is limited edition.</p><p>Â©Disney</p>",ColourPop,Shadow Palette,"#.collection:promoproducts,#.hidden:false,#.promo-price:1800,#.promo:XMAS20,#.trigger:mascaraupsell,100719,Blues/Teals,Browns,category:Eyes,collab:Disney,color:Multi,event:Disney Masquerade,Eye Palettes,Eyepalettes,finish:Multi,Glitter,Golds,Greens,in-stock,Matte,Metallic,Neutrals,Oranges/Corals,Pinks,productline:ColourPop,productsize:full,producttype:Shadow Palette,Purples,Reds,Shadow Palette,subcategory:Eye Palettes,technology:Pressed Powder,unitnumber:15,unittype:single,Yellows/Oranges",2019-10-07T07:58:42-07:00,Title,Default Title,,,,,EyePalette-MidnightMasquerade,173,shopify,,,,24.00,,True,True,,,1,,,Midnight Masquerade,Midnight Masquerade,,,,,,,,,,,,,,,G,,
its-a-princess-thing-disney-eyeshadow-palette,It's a Princess Thing,"<p>Inspired by the iconic Disney princesses this palette is a dream come true âœ¨</p><p>This 15 pan palette was created in collaboration with Disney and features soft romantic shadows perfect for any look, from daytime sing-a-long glam or a magical ballroom look.</p><p>This item is limited edition.</p><p>Â©Disney</p>",ColourPop,Shadow Palette,"#.collection:promoproducts,#.hidden:false,#.promo-price:1800,#.promo:XMAS20,#.shipping:china,#.trigger:mascaraupsell,092718,category:Eyes,collab:Disney,color:Multi,dy_keywords:disney|princess,event:Disney Designer Princess,eye palette,eye palettes,finish:Multi,in-stock,MDW30,PaletteParty,productline:ColourPop,productsize:full,producttype:Shadow Palette,Shadow Palette,subcategory:Eye Palettes,technology:Pressed Powder,test,Top 300,unitnumber:15,unittype:single",2018-09-18T05:59:07-07:00,Title,Default Title,,,,,EyePalette-ItsAPrincessThing,142,shopify,,,,24.00,,True,True,,,1,,,It's a Princess Thing,It's a Princess Thing,,,,,,,,,,,,,,,G,,
elsa-eyeshadow-palette,Elsa,"<p>Be brave and bold with the cool-toned Elsa Palette! Featuring 9 icy shades, in matte, metallic, and Pressed Glitter finishes, youâ€™ll find your own way to express yourself!</p><p>This item is limited edition.</p><p>Â©Disney </p>",ColourPop,Shadow Palette,"#.collection:promoproducts,#.hidden:false,#.promo-price:1200,#.promo:XMAS20,#.trigger:mascaraupsell,111519,9panpromo,Blues/Teals,category:Eyes,collab:Disney,color:Multi,dy_keywords:disney|frozen|elsa,event:Frozen 2 2019,Eye Palettes,finish:Multi,Glitter,in-stock,Matte,Metallic,Neutrals,Pinks,productline:ColourPop,productsize:full,producttype:Shadow Palette,Purples,Reds,Silvers,subcategory:Eye Palettes,technology:Pressed Powder,unitnumber:9,unittype:single",2019-11-15T09:57:33-08:00,Title,Default Title,,,,,EyePalette-Elsa,113,shopify,,,,16.00,,True,True,,,1,,,Elsa,Elsa,,,,,,,,,,,,,,,G,,
bambi-eyeshadow-palette,Bambi Palette,<p>This item is not available to ship to Venezuela.</p><p><strong>Â©Disney</strong></p>,ColourPop,Shadow Palette,"#.collection:promoproducts,#.hidden:false,#.promo-price:1050,#.shipping:Venezuela-restrict,022521,category:Eyes,collab:Disney,color2:Neutrals,color:Yellows,event:Bambi,Eye Palettes,finish:Multi,Matte,Matte Sparkle,Metallic,Neutrals,new,productline:ColourPop,productsize:full,producttype:Shadow Palette,subcategory:Eye Palettes,technology:Pressed Powder,unitnumber:5,unittype:single,Yellows",2021-02-25T09:59:01-08:00,Title,Default Title,,,,,EyePalette-Bambi,62,shopify,,,,14.00,,True,True,,,1,,,Bambi Palette,Bambi Palette,,,,,,,,,,,,,,,G,,
flower-pressed-powder-makeup-palette,Flower Palette,<p>This item is not available to ship to Venezuela.</p><p><strong>Â©Disney</strong></p>,ColourPop,Shadow Palette,"#.collection:promoproducts,#.hidden:false,#.promo-price:1050,#.shipping:Venezuela-restrict,022521,category:Eyes,collab:Disney,color2:Neutrals,color:Purples,event:Bambi,Eye Palettes,finish:Multi,Matte,Matte Sparkle,Metallic,Neutrals,new,productline:ColourPop,productsize:full,producttype:Shadow Palette,Purples,subcategory:Eye Palettes,technology:Pressed Powder,unitnumber:5,unittype:single",2021-02-25T09:59:07-08:00,Title,Default Title,,,,,EyePalette-Flower,62,shopify,,,,14.00,,True,True,,,1,,,Flower Palette,Flower Palette,,,,,,,,,,,,,,,G,,
thumper-eyeshadow-palette,Thumper Palette,<p>This item is not available to ship to Venezuela.</p><p><strong>Â©Disney</strong></p>,ColourPop,Shadow Palette,"#.collection:promoproducts,#.hidden:false,#.promo-price:1050,#.shipping:Venezuela-restrict,022521,category:Eyes,collab:Disney,color:Multi,event:Bambi,Eye Palettes,finish:Multi,Greens,Matte,Matte Sparkle,Metallic,Neutrals,new,Pinks,productline:ColourPop,productsize:full,producttype:Shadow Palette,subcategory:Eye Palettes,technology:Pressed Powder,unitnumber:5,unittype:single",2021-02-25T09:59:16-08:00,Title,Default Title,,,,,EyePalette-Thumper,62,shopify,,,,14.00,,True,True,,,1,,,Thumper Palette,Thumper Palette,,,,,,,,,,,,,,,G,,
morning-light-puff-highlighter,Morning Light,<p>warm gold with multi- dimensional sparkle</p><p><br></p><p>This item is not available to ship to Venezuela.</p><p><strong>Â©Disney</strong></p>,ColourPop,Pixie Puff Highlighter,"#.collection:promoproducts,#.hidden:false,#.promo-price:1200,#.shipping:Venezuela-restrict,022521,category:Cheeks,collab:Disney,color2:Neutrals,color:Golds,event:Bambi,finish:None,Golds,Highlighter,Neutrals,new,Pixie Puff Highlighter,productline:ColourPop,productsize:full,producttype:Pixie Puff Highlighter,subcategory:Highlighter,technology:Loose Powder,unitnumber:1,unittype:single",2021-02-25T09:59:11-08:00,Title,Default Title,,,,,HighlighterPuff-MorningLight,108,shopify,,,,16.00,,True,True,,,1,,,Morning Light,Morning Light,,,,,,,,,,,,,,,G,,
waterfall-gold-glitter-gel,Waterfall,<p>warm gold glitter with copper accents</p><p>This item is limited edition.</p><p>Â©Disney</p>,ColourPop,Glitter Gel,"#.collection:promoproducts,#.hidden:false,#.promo-price:750,111519,category:Body,collab:Disney,color2:Golds,color:Oranges/Corals,dy_keywords:anna|frozen|disney,event:Frozen 2 2019,finish:None,Glitterally Obsessed,Golds,Oranges/Corals,productline:ColourPop,productsize:full,producttype:Glitter Gel,subcategory:Glitterally Obsessed,unitnumber:1,unittype:single",2019-11-15T09:57:32-08:00,Title,Default Title,,,,,GlitterallyObsessed-Waterfall,54,shopify,,,,10.00,,True,True,,,1,,,Waterfall,Waterfall,,,,,,,,,,,,,,,G,,
free-spirit-lip-gloss,Free Spirit,<p>peachy apricot</p><p>This item is limited edition.</p><p>Â©Disney</p>,ColourPop,Ultra Glossy Lip,"#.hidden:false,#.promo-price:675,111519,category:Lips,collab:Disney,color2:Nudes,color:Oranges/Corals,dy_keywords:frozen|anna|disney,event:Frozen 2 2019,finish:Tinted,LipGloss,LiquidLips,NLD2020,Nudes,Oranges/Corals,productline:ColourPop,productsize:full,producttype:Ultra Glossy Lip,subcategory:Liquid Lips,Tinted,Ultra Glossy Lip,unitnumber:1,unittype:single",2019-11-15T09:57:31-08:00,Title,Default Title,,,,,UltraGlossyLip-FreeSpirit,29,shopify,,,,9.00,,True,True,,,1,,,Free Spirit,Free Spirit,,,,,,,,,,,,,,,G,,
the-dark-sea-glitter-gel,The Dark Sea,<p>silver blue glitter with multidimensional sparkles</p><p>This item is limited edition.</p><p>Â©Disney</p>,ColourPop,Glitter Gel,"#.collection:promoproducts,#.hidden:false,#.promo-price:750,111519,category:Body,collab:Disney,color2:Neutrals,color:Purples,dy_keywords:elsa|disney|frozen,event:Frozen 2 2019,finish:None,Glitterally Obsessed,Neutrals,productline:ColourPop,productsize:full,producttype:Glitter Gel,Purples,subcategory:Glitterally Obsessed,unitnumber:1,unittype:single",2019-11-15T09:57:31-08:00,Title,Default Title,,,,,GlitterallyObsessed-TheDarkSea,54,shopify,,,,10.00,,True,True,,,1,,,The Dark Sea,The Dark Sea,,,,,,,,,,,,,,,G,,
mythic-journey-lip-gloss,Mythic Journey,<p>opal with multidimensional flecks</p><p>This item is limited edition.</p><p>Â©Disney</p>,ColourPop,Ultra Glossy Lip,"#.collection:promoproducts,#.excluded:WILD10,#.hidden:false,#.promo-price:675,111519,category:Lips,Clears,collab:Disney,color:Clear,dy_keywords:frozen|disney|elsa,event:Frozen 2 2019,EvergreenSale,finish:Pearlescent,Pearlescent,productline:ColourPop,productsize:full,producttype:Ultra Glossy Lip,subcategory:Liquid Lips,Ultra Glossy Lip,unitnumber:1,unittype:single",2019-11-15T09:57:30-08:00,Title,Default Title,,,,,UltraGlossyLip-MythicJourney,29,shopify,,,,9.00,,True,True,,,1,,,Mythic Journey,Mythic Journey,,,,,,,,,,,,,,,G,,
prince-naveen,Prince Naveen,<p>a burnt orange red lipstick</p><p>This item is limited edition.<br> Â©Disney</p>,ColourPop,Lux Liquid Lip,"#.hidden:false,#.promo-price:675,100719,category:Lips,collab:Disney,color2:Oranges/Corals,color:Reds,event:Disney Masquerade,finish:Velvet,Lips,LiquidLipsticks,Lux Liquid Lip,NLD2020,Oranges/Corals,productline:ColourPop,productsize:full,producttype:Lux Liquid Lip,Reds,subcategory:Liquid Lips,unitnumber:1,unittype:single,Velvet",2019-10-07T07:58:36-07:00,Title,Default Title,,,,,LuxLiquidLip-PrinceNaveen,37,shopify,,,,9.00,,True,True,,,1,,,Prince Naveen,Prince Naveen,,,,,,,,,,,,,,,G,,
beast,Beast,<p>a mid-tone pink nude lipstick</p><p>This item is limited edition.</p><p>Â©Disney</p>,ColourPop,Lux Liquid Lip,"#.collection:promoproducts,#.hidden:false,#.promo-price:675,100719,category:Lips,collab:Disney,color2:Nudes,color:Pinks,event:Disney Masquerade,finish:Velvet,Lips,LiquidLipsticks,Lux Liquid Lip,NLD2020,Nudes,Pinks,productline:ColourPop,productsize:full,producttype:Lux Liquid Lip,subcategory:Liquid Lips,unitnumber:1,unittype:single,velvet",2019-10-07T07:58:35-07:00,Title,Default Title,,,,,LuxLiquidLip-Beast,37,shopify,,,,9.00,,True,True,,,1,,,Beast,Beast,,,,,,,,,,,,,,,G,,
wonderboy,Wonderboy,<p>a rich berry lipstick</p><p>This item is limited edition.<br>Â©Disney</p>,ColourPop,Lux Liquid Lip,"#.collection:promoproducts,#.hidden:false,#.promo-price:675,100719,category:Lips,collab:Disney,color:Pinks,event:Disney Masquerade,finish:Velvet,Lips,LiquidLipsticks,Lux Liquid Lip,NLD2020,Pinks,productline:ColourPop,productsize:full,producttype:Lux Liquid Lip,subcategory:Liquid Lips,unitnumber:1,unittype:single,Velvet",2019-10-07T07:58:34-07:00,Title,Default Title,,,,,LuxLiquidLip-Wonderboy,37,shopify,,,,9.00,,True,True,,,1,,,Wonderboy,Wonderboy,,,,,,,,,,,,,,,G,,
flynn,Flynn,<p>A rose plum lipstick</p><p>This item is limited edition.<br>Â©Disney</p>,ColourPop,Lux Liquid Lip,"#.collection:promoproducts,#.hidden:false,#.promo-price:675,100719,category:Lips,collab:Disney,color:Pinks,event:Disney Masquerade,finish:Velvet,Lips,LiquidLipsticks,Lux Liquid Lip,NLD2020,Pinks,productline:ColourPop,productsize:full,producttype:Lux Liquid Lip,subcategory:Liquid Lips,unitnumber:1,unittype:single,Velvet",2019-10-07T07:58:33-07:00,Title,Default Title,,,,,LuxLiquidLip-Flynn,37,shopify,,,,9.00,,True,True,,,1,,,Flynn,Flynn,,,,,,,,,,,,,,,G,,
forest-friends-bambi-pressed-powder-palette-set,Forest Friends,<p>This item is not available to ship to Venezuela.</p><p><strong>Â©Disney</strong></p>,ColourPop,Shadow Palette Set,"#.collection:promoproducts,#.excluded:SpringSale25,#.hidden:false,#.promo-price:3150,#.shipping:Venezuela-restrict,022521,category:Kits/Sets,collab:Disney,Collection,color:Multi,event:Bambi,Eye Palettes,EyeCollection,finish:Multi,new,productline:ColourPop,productsize:full,producttype:Shadow Palette Set,subcategory:Set,technology:Pressed Powder,unitnumber:15,unittype:bundle",2021-02-25T09:59:08-08:00,Title,Default Title,,,,,Bundle-ForestFriends,187,shopify,,,,42.00,,True,True,,,1,,,Forest Friends,Forest Friends,,,,,,,,,,,,,,,G,,
thumper-lip-and-eye-makeup-collection-set,Thumper Set,<p>This item is not available to ship to Venezuela.</p><p><strong>Â©Disney</strong></p>,ColourPop,Lip & Eye Set,"#.collection:promoproducts,#.excluded:SpringSale25,#.hidden:false,#.promo-price:2100,#.shipping:Venezuela-restrict,022521,category:Kits/Sets,collab:Disney,Collection,color:Multi,event:Bambi,EyeCollection,finish:Multi,new,productline:ColourPop,productsize:full,producttype:Lip & Eye Set,subcategory:Set,unitnumber:7,unittype:bundle",2021-02-25T09:59:17-08:00,Title,Default Title,,,,,Bundle-Thumper,108,shopify,,,,28.00,,True,True,,,1,,,Thumper Set,Thumper Set,,,,,,,,,,,,,,,G,,
bambi-lip-and-eye-makeup-collection-set,Bambi Set,<p>This item is not available to ship to Venezuela.</p><p><strong>Â©Disney</strong></p>,ColourPop,Lip & Eye Set,"#.collection:promoproducts,#.excluded:SpringSale25,#.hidden:false,#.promo-price:2100,#.shipping:Venezuela-restrict,022521,category:Kits/Sets,collab:Disney,Collection,color:Multi,event:Bambi,EyeCollection,finish:Multi,new,productline:ColourPop,productsize:full,producttype:Lip & Eye Set,subcategory:Set,unitnumber:7,unittype:bundle",2021-02-25T09:59:02-08:00,Title,Default Title,,,,,Bundle-Bambi,108,shopify,,,,28.00,,True,True,,,1,,,Bambi Set,Bambi Set,,,,,,,,,,,,,,,G,,
flower-lip-and-eye-makeup-collection-set,Flower Set,<p>This item is not available to ship to Venezuela.</p><p><strong>Â©Disney</strong></p>,ColourPop,Lip & Eye Set,"#.collection:promoproducts,#.excluded:SpringSale25,#.hidden:false,#.promo-price:2100,#.shipping:Venezuela-restrict,022521,category:Kits/Sets,collab:Disney,Collection,color:Multi,event:Bambi,EyeCollection,finish:Multi,new,productline:ColourPop,productsize:full,producttype:Lip & Eye Set,subcategory:Set,unitnumber:7,unittype:bundle",2021-02-25T09:59:07-08:00,Title,Default Title,,,,,Bundle-Flower,108,shopify,,,,28.00,,True,True,,,1,,,Flower Set,Flower Set,,,,,,,,,,,,,,,G,,
anna-disney-makeup-collection-kit,Anna Collection,"<p>Inspired by the free-spirited princess, get the full Anna Collection that includes the Anna Palette, Lux Lipstick, Ultra Glossy Lip, and Glitterally Obsessed Gel.</p>",ColourPop,Full Collection Kit,"#.excluded:10milli25,#.excluded:AFTERXMAS20,#.excluded:cw2020,#.excluded:FALL25,#.excluded:PresidentsDay25,#.excluded:SpringSale25,#.hidden:false,#.prezsaleprice:3375,#.promo-price:3150,#.xmassaleprice:3150,111519,Breadcrumb:Makeup-Sets,category:Kits/Sets,collab:Disney,Collection,color:Multi,dy_keywords:disney|frozen|anna,event:Frozen 2 2019,finish:Multi,FreeShip,productline:ColourPop,productsize:full,producttype:Full Collection Kit,subcategory:Kit,unitnumber:12,unittype:kit",2019-11-15T09:57:28-08:00,Title,Default Title,,,,,Kit-AnnaCollection,516,shopify,,,,42.00,,True,True,,,1,,,Anna Collection,Anna Collection,,,,,,,,,,,,,,,G,,
elsas-disney-makeup-collection-kit,Elsa Collection,"<p>Inspired by the ice queen herself, get the full Elsa Collection that includes the Elsa Palette, Lux Lipstick, Ultra Glossy Lip, and Glitterally Obsessed Gel.</p><p>This item is limited edition.</p><p>Â©Disney</p>",ColourPop,Full Collection Kit,"#.collection:promoproducts,#.excluded:10milli25,#.excluded:AFTERXMAS20,#.excluded:cw2020,#.excluded:FALL25,#.excluded:PresidentsDay25,#.excluded:SpringSale25,#.hidden:false,#.prezsaleprice:3375,#.promo-price:3150,#.xmassaleprice:3150,111519,Breadcrumb:Makeup-Sets,category:Kits/Sets,collab:Disney,Collection,color:Multi,dy_keywords:disney|elsa|frozen,event:Frozen 2 2019,finish:Multi,FreeShip,productline:ColourPop,productsize:full,producttype:Full Collection Kit,subcategory:Kit,unitnumber:12,unittype:kit",2019-11-15T09:57:27-08:00,Title,Default Title,,,,,Kit-ElsaCollection,516,shopify,,,,42.00,,True,True,,,1,,,Elsa Collection,Elsa Collection,,,,,,,,,,,,,,,G,,
frozen-ii-collection,Frozen ll Collection,<p>Disney and ColourPop are back with another epic collaboration. Get the entire Frozen II PR Collection that includes Anna and Elsaâ€™s 2 complete collections in one!</p><p>This item is limited edition.</p><p>Â©Disney</p>,ColourPop,Full Collection Set,"#.collection:promoproducts,#.excluded:10milli25,#.excluded:cw2020,#.excluded:FALL25,#.excluded:PresidentsDay25,#.excluded:SpringSale25,#.hidden:false,#.prezsaleprice:6750,#.promo-price:6300,111519,Breadcrumb:Makeup-Sets,category:Kits/Sets,collab:Disney,Collection,color:Multi,dy_keywords:frozen|disney,event:Frozen 2 2019,finish:Multi,FreeShip,productline:ColourPop,productsize:full,producttype:Full Collection Set,subcategory:Set,unitnumber:24,unittype:bundle",2021-01-01T09:31:21-08:00,Title,Default Title,,,,,Bundle-FrozenIICollection,1032,shopify,,,,84.00,,True,True,,,1,,,Frozen ll Collection,Frozen ll Collection,,,,,,,,,,,,,,,G,,
melt-for-you-palette,Melt For You,<p>Itâ€™s a sister thing! Get the perfect balance of warm and cool with the Anna and Elsa Palettes!</p><p>This item is limited edition.</p><p>Â©Disney</p>,ColourPop,Set,"#.excluded:10milli25,#.excluded:cw2020,#.excluded:PresidentsDay25,#.excluded:SpringSale25,#.hidden:false,#.prezsaleprice:2400,#.promo-price:1950,#.promo:LastCall40,#.value:false,111519,9panpromo,Breadcrumb:Makeup-Sets,category:Bundles,collab:Disney,color:Multi,event:Frozen 2,EyeCollection,finish:Multi,MexicoCarousel,productline:ColourPop,productsize:full,producttype:Unpackaged Bundle,subcategory:Bundles,unitnumber:24,unittype:bundle,unittype:kit",2021-01-06T18:16:36-08:00,Title,Default Title,,,,,Bundle-MeltForYou,227,shopify,,,,26.00,,True,True,,,1,,,Melt For You,Melt For You,,,,,,,,,,,,,,,G,,
disney-bambi-and-colourpop-full-makeup-collection-set,Disney Bambi and ColourPop Collection,<p>This item is not available to ship to Venezuela.</p><p><strong>Â©Disney</strong></p>,ColourPop,Full Collection Set,"#.collection:promoproducts,#.excluded:SpringSale25,#.hidden:false,#.promo-price:8625,#.shipping:Venezuela-restrict,022521,category:Kits/Sets,collab:Disney,Collection,color:Multi,event:Bambi,finish:Multi,new,productline:ColourPop,productsize:full,producttype:Full Collection Set,subcategory:Set,unitnumber:24,unittype:bundle",2021-02-25T09:59:03-08:00,Title,Default Title,,,,,Bundle-DisneyBambiCollection,454,shopify,,,,115.00,,True,True,,,1,,,Disney Bambi and ColourPop Collection,Disney Bambi and ColourPop Collection,,,,,,,,,,,,,,,G,,
life-in-the-woods-creme-gel-eyeliner-kit,Life in the Woods,<p>This item is not available to ship to Venezuela.</p><p><strong>Â©Disney</strong></p>,ColourPop,CrÃ¨me Gel Liner Kit,"#.collection:promoproducts,#.excluded:SpringSale25,#.hidden:false,#.promo-price:1800,#.shipping:Venezuela-restrict,022521,category:Kits/Sets,collab:Disney,Collection,color:Multi,CrÃ¨me Gel Liner,event:Bambi,EyeCollection,finish:Multi,new,productline:ColourPop,productsize:full,producttype:CrÃ¨me Gel Liner Set,subcategory:Kit,unitnumber:3,unittype:kit",2021-02-25T09:59:09-08:00,Title,Default Title,,,,,Kit-LifeInTheWoods,28,shopify,,,,24.00,,True,True,,,1,,,Life in the Woods,Life in the Woods,,,,,,,,,,,,,,,G,,
thumper-pink-lip-gloss,Thumper Gloss,<p>sheer warm pink with gold shimmering pinpoints</p><p><br></p><p>This item is not available to ship to Venezuela.</p><p><strong>Â©Disney</strong></p>,ColourPop,Lux Gloss,"#.collection:promoproducts,#.hidden:false,#.promo-price:675,#.shipping:Venezuela-restrict,022521,category:Lips,collab:Disney,color:Pinks,event:Bambi,finish:Pearlescent,lipgloss,LiquidLips,liquidlipstick,Lux Gloss,Lux Liquid Lip,new,Pearlescent,Pinks,productline:ColourPop,productsize:full,producttype:Lux Gloss,subcategory:Gloss,unitnumber:1,unittype:single",2021-02-25T09:59:15-08:00,Title,Default Title,,,,,LuxGloss-Thumper,37,shopify,,,,9.00,,True,True,,,1,,,Thumper Gloss,Thumper Gloss,,,,,,,,,,,,,,,G,,
twitterpated-lip-gloss-kit,Twitterpated,<p>This item is not available to ship to Venezuela.</p><p><strong>Â©Disney</strong></p>,ColourPop,Lux Gloss Kit,"#.collection:promoproducts,#.excluded:SpringSale25,#.hidden:false,#.promo-price:2025,#.shipping:Venezuela-restrict,022521,category:Kits/Sets,collab:Disney,Collection,color:Multi,event:Bambi,finish:Pearlescent,Lip Set,lipgloss,new,productline:ColourPop,productsize:full,producttype:Lux Gloss Kit,subcategory:Kit,unitnumber:3,unittype:kit",2021-02-25T09:59:18-08:00,Title,Default Title,,,,,Kit-Twitterpated,113,shopify,,,,27.00,,True,True,,,1,,,Twitterpated,Twitterpated,,,,,,,,,,,,,,,G,,
show-yourself-disney-frozen-elsa-palette-and-lip-gloss-set,Show Yourself,<p>go on an epic adventure with the elsa palette and ultra glossy lip!</p>,ColourPop,Lip & Eye Set,"#.collection:promoproducts,#.excluded:cw2020,#.excluded:FALL25,#.excluded:SpringSale25,#.hidden:false,#.promo-price:1500,100120,category:Kits/Sets,collab:Disney,Collection,color:Multi,disneybundles,event:Frozen 2 2019,finish:Multi,productline:ColourPop,productsize:full,producttype:Lip & Eye Set,subcategory:Set,unitnumber:10,unittype:bundle",2021-03-03T20:23:39-08:00,Title,Default Title,,,,,Bundle-ShowYourself,145,shopify,,,,20.00,,True,True,,,1,,,Show Yourself,Show Yourself,,,,,,,,,,,,,,,G,,
always-have-me-disney-elsa-lip-gloss-glitter-gel-set,Always Have Me,<p>add some sparkle and glow and create annaâ€™s signature look!</p>,ColourPop,Lip & Glitter Set,"#.collection:promoproducts,#.excluded:10milli25,#.excluded:cw2020,#.excluded:FALL25,#.excluded:PresidentsDay25,#.excluded:SpringSale25,#.hidden:false,#.prezsaleprice:1425,#.promo-price:1200,100120,category:Kits/Sets,collab:Disney,Collection,color:Multi,disneybundles,event:Frozen 2 2019,finish:Multi,productline:ColourPop,productsize:full,producttype:Lip & Glitter Set,subcategory:Set,unitnumber:2,unittype:bundle",2021-01-01T09:40:40-08:00,Title,Default Title,,,,,Bundle-AlwaysHaveMe,85,shopify,,,,16.00,,True,True,,,1,,,Always Have Me,Always Have Me,,,,,,,,,,,,,,,G,,
little-snow-lux-lipstick,Little Snow,<p>crÃ©me pink raspberry</p><p>This item is limited edition.</p><p>Â©Disney</p>,ColourPop,CrÃ¨me Lux Lipstick,"#.collection:promoproducts,#.hidden:false,#.promo-price:750,111519,category:Lips,collab:Disney,color:Pinks,CrÃ¨me,dy_keywords:frozen|disney|elsa,event:Frozen 2 2019,finish:CrÃ¨me,Lipstick,Lux Lipstick,NLD2020,NonLiquidLipsticks,Pinks,productline:ColourPop,productsize:full,producttype:Lux Lipstick,subcategory:Non Liquid Lips,TopVegan,unitnumber:1,unittype:single",2019-11-15T09:57:29-08:00,Title,Default Title,,,,,LuxLipstick-LittleSnow,34,shopify,,,,10.00,,True,True,,,1,,,Little Snow,Little Snow,,,,,,,,,,,,,,,G,,
next-right-thing-disney-frozen-anna-palette-lip-gloss-set,Next Right Thing,<p>do the next right thing with the anna palette and ultra glossy lip!</p>,ColourPop,Lip & Eye Set,"#.collection:promoproducts,#.excluded:10milli25,#.excluded:cw2020,#.excluded:FALL25,#.excluded:PresidentsDay25,#.excluded:SpringSale25,#.hidden:false,#.prezsaleprice:1875,#.promo-price:1500,100120,category:Kits/Sets,collab:Disney,Collection,color:Multi,disneybundles,event:Frozen 2 2019,finish:Multi,productline:ColourPop,productsize:full,producttype:Lip & Eye Set,subcategory:Set,unitnumber:10,unittype:bundle",2021-01-01T09:38:07-08:00,Title,Default Title,,,,,Bundle-NextRightThing,145,shopify,,,,20.00,,True,True,,,1,,,Next Right Thing,Next Right Thing,,,,,,,,,,,,,,,G,,
oh-deer-false-eyelashes,Oh Deer,<p>This item is not available to ship to Venezuela.</p><p><strong>Â©Disney</strong></p>,ColourPop,Falsies Faux Lashes,"#.collection:promoproducts,#.hidden:false,#.promo-price:750,#.shipping:Venezuela-restrict,022521,category:Eyes,collab:Disney,color:Blacks,event:Bambi,Falsies Faux Lashes,finish:None,new,productline:ColourPop,productsize:full,producttype:Falsies Faux Lashes,subcategory:Eye Lash,unitnumber:2,unittype:single",2021-02-25T09:59:12-08:00,Title,Default Title,,,,,Lashes-OhDeer,31,shopify,,,,10.00,,True,True,,,1,,,Oh Deer,Oh Deer,,,,,,,,,,,,,,,G,,
bambi-nude-lip-gloss,Bambi Gloss,"<p>sheer warm nude with pink, silver, and gold shimmering pinpoints</p><p><br></p><p>This item is not available to ship to Venezuela.</p><p><strong>Â©Disney</strong></p>",ColourPop,Lux Gloss,"#.collection:promoproducts,#.hidden:false,#.promo-price:675,#.shipping:Venezuela-restrict,022521,category:Lips,collab:Disney,color:Nudes,event:Bambi,finish:Pearlescent,lipgloss,LiquidLips,liquidlipstick,Lux Gloss,Lux Liquid Lip,new,Nudes,Pearlescent,productline:ColourPop,productsize:full,producttype:Lux Gloss,subcategory:Gloss,unitnumber:1,unittype:single",2021-02-25T09:59:01-08:00,Title,Default Title,,,,,LuxGloss-Bambi,37,shopify,,,,9.00,,True,True,,,1,,,Bambi Gloss,Bambi Gloss,,,,,,,,,,,,,,,G,,
flower-lavender-lip-gloss,Flower Gloss,<p>sheer cool lavender with pink and blue shimmering pinpoints</p><p><br></p><p>This item is not available to ship to Venezuela.</p><p><strong>Â©Disney</strong></p>,ColourPop,Lux Gloss,"#.collection:promoproducts,#.hidden:false,#.promo-price:675,#.shipping:Venezuela-restrict,022521,category:Lips,collab:Disney,color:Purples,event:Bambi,finish:Pearlescent,lipgloss,LiquidLips,liquidlipstick,Lux Gloss,Lux Liquid Lip,new,Pearlescent,Pinks,productline:ColourPop,productsize:full,producttype:Lux Gloss,subcategory:Gloss,unitnumber:1,unittype:single",2021-02-25T09:59:05-08:00,Title,Default Title,,,,,LuxGloss-Flower,37,shopify,,,,9.00,,True,True,,,1,,,Flower Gloss,Flower Gloss,,,,,,,,,,,,,,,G,,
meadow-matte-eyeliner-pencil,Meadow Liner,<p>matte butter yellow</p><p><br></p><p>This item is not available to ship to Venezuela.</p><p><strong>Â©Disney</strong></p>,ColourPop,CrÃ¨me Gel Liner,"#.collection:promoproducts,#.hidden:false,#.promo-price:600,#.promo:BOGOBFF21,#.shipping:Venezuela-restrict,022521,BOGO033021,category:Eyes,collab:Disney,color2:Yellows,color:Neutrals,crme-gel-liner,CrÃ¨me Gel Liner,event:Bambi,finish:Matte,Matte,Neutrals,new,productline:ColourPop,productsize:full,producttype:CrÃ¨me Gel Liner,subcategory:Eyeliner,unitnumber:1,unittype:single,Yellows",2021-02-25T09:59:10-08:00,Title,Default Title,,,,,CremeGelPencil-Meadow,9,shopify,,,,8.00,,True,True,,,1,,,Meadow Liner,Meadow Liner,,,,,,,,,,,,,,,G,,
purty-matte-eyeliner-pencil,Purty Liner,<p>matte plum</p><p><br></p><p>This item is not available to ship to Venezuela.</p><p><strong>Â©Disney</strong></p>,ColourPop,CrÃ¨me Gel Liner,"#.collection:promoproducts,#.hidden:false,#.promo-price:600,#.promo:BOGOBFF21,#.shipping:Venezuela-restrict,022521,BOGO033021,category:Eyes,collab:Disney,color:Purples,crme-gel-liner,CrÃ¨me Gel Liner,event:Bambi,finish:Matte,Matte,new,productline:ColourPop,productsize:full,producttype:CrÃ¨me Gel Liner,Purples,subcategory:Eyeliner,unitnumber:1,unittype:single",2021-02-25T09:59:13-08:00,Title,Default Title,,,,,CremeGelPencil-Purty,9,shopify,,,,8.00,,True,True,,,1,,,Purty Liner,Purty Liner,,,,,,,,,,,,,,,G,,
raindrops-metallic-eyeliner-pencil,Raindrops Liner,<p>metallic icy rose</p><p><br></p><p>This item is not available to ship to Venezuela.</p><p><strong>Â©Disney</strong></p>,ColourPop,CrÃ¨me Gel Liner,"#.collection:promoproducts,#.hidden:false,#.promo-price:600,#.promo:BOGOBFF21,#.shipping:Venezuela-restrict,022521,BOGO033021,category:Eyes,collab:Disney,color2:Neutrals,color:Pinks,crme-gel-liner,CrÃ¨me Gel Liner,event:Bambi,finish:Metallic,Metallic,Neutrals,new,Pinks,productline:ColourPop,productsize:full,producttype:CrÃ¨me Gel Liner,subcategory:Eyeliner,unitnumber:1,unittype:single",2021-02-25T09:59:14-08:00,Title,Default Title,,,,,CremeGelPencil-Raindrops,9,shopify,,,,8.00,,True,True,,,1,,,Raindrops Liner,Raindrops Liner,,,,,,,,,,,,,,,G,,
going-north-lux-lipstick,Going North,<p>CrÃ©me chestnut</p><p>This item is limited edition.</p><p>Â©Disney</p>,ColourPop,CrÃ¨me Lux Lipstick,"#.hidden:false,#.promo-price:750,111519,category:Lips,collab:Disney,color2:Nudes,color:Darks,CrÃ¨me,Darks,dy_keywords:disney|anna|frozen,event:Frozen 2 2019,finish:CrÃ¨me,Lipstick,Lux Lipstick,NLD2020,NonLiquidLipsticks,Nudes,productline:ColourPop,productsize:full,producttype:Lux Lipstick,subcategory:Non Liquid Lips,TopVegan,unitnumber:1,unittype:single",2019-11-15T09:57:29-08:00,Title,Default Title,,,,,LuxLipstick-GoingNorth,34,shopify,,,,10.00,,True,True,,,1,,,Going North,Going North,,,,,,,,,,,,,,,G,,
matchmaker-mulan-nude-pressed-powder-blush,Matchmaker,<p>pale nude with gold pearl</p><p>This item is limited edition.</p><p>Â©Disney</p>,ColourPop,Pressed Powder Blush,"#.collection:promoproducts,#.excluded:PresidentsDay25,#.excluded:PresidentsDay25-text,#.excluded:WILD10,#.excluded:WILD10-text,#.hidden:false,#.promo-price:900,031920,category:Cheeks,collab:Disney,color:Nudes,event:Mulan,EvergreenSale,finish:Pearlized,productline:ColourPop,productsize:full-compact,producttype:Pressed Powder Blush,subcategory:Blush,unitnumber: 1,unittype:single",2020-03-19T09:57:52-07:00,Title,Default Title,,,,,PPBlushCompact-Matchmaker,62,shopify,,,,12.00,,True,True,,,1,,,Matchmaker,Matchmaker,,,,,,,,,,,,,,,G,,
phoebus,Phoebus,<p>a deep raspberry lipstick</p><p>This item is limited edition.<br> Â©Disney</p>,ColourPop,Lux Liquid Lip,"#.hidden:true,#.promo-price:675,#.promo:LastCall40,#.redirect:/products/topsy-turvy-esmeralda-bundle,100719,category:Lips,collab:Disney,color2:Purples,color:Pinks,event:Disney Masquerade,finish:Velvet,KeepOOS,Lips,LiquidLipsticks,Lux Liquid Lip,NLD2020,Pinks,productline:ColourPop,productsize:full,producttype:Lux Liquid Lip,Purples,subcategory:Liquid Lips,unitnumber:1,unittype:single,Velvet",2020-03-27T15:56:07-07:00,Title,Default Title,,,,,LuxLiquidLip-Phoebus,37,shopify,,,,9.00,,True,True,,,1,,,Phoebus,Phoebus,,,,,,,,,,,,,,,G,,
misunderstood-disney-villians-eyeshadow-palette,Misunderstood.,"<p>Rooting for the good guys is boring. ðŸ˜ˆ</p><p>In collaboration with Disney and their infamous villains, weâ€™re bringing you the palette to rule them all, Misunderstood. This mixed finish 15 pan eyeshadow palette combines intense mattes, colour shifting duochromes, and rich metallics.</p><p>Scheme all the ways youâ€™ll slay your look, it wonâ€™t be hard with this palette.</p><p>This item is limited edition.</p><p>Â©Disney</p>",ColourPop,Shadow Palette,"#.collection:promoproducts,#.excluded:springsale,#.hidden:false,#.promo-price:1800,#.promo:XMAS20,#.shipping:china,#.trigger:mascaraupsell,032119,category:Eyes,collab:Disney,dy_keywords:disney|villains,event:Disney Villains,Eye Palettes,finish:Multi,in-stock,Matte,MDW30,Metallic,productline:ColourPop,productsize:full,producttype:Shadow Palette,Shadow Palette,subcategory:Eye Palettes,unittype:single",2019-03-21T09:59:35-07:00,Title,Default Title,,,,,EyePalette-Misunderstood,170,shopify,,,,24.00,,True,True,,,1,,,Misunderstood.,Misunderstood.,,,,,,,,,,,,,,,G,,
anna-frozen-eyeshadow-palette,Anna,"<p>Make this palette your right-hand-woman! The warm-toned Anna Palette features 9 rich shades in matte, metallic, and Pressed Glitter finishes.</p><p>This item is limited edition.</p><p>Â©Disney</p>",ColourPop,Shadow Palette,"#.collection:promoproducts,#.hidden:false,#.promo-price:1200,#.promo:XMAS20,#.trigger:mascaraupsell,111519,9panpromo,category:Eyes,collab:Disney,color:Multi,Darks,dy_keywords:anna|disney|frozen,event:Frozen 2 2019,Eye Palettes,finish:Multi,Glitter,Golds,in-stock,Matte,Metallic,Neutrals,Oranges/Corals,Pinks,productline:ColourPop,productsize:full,producttype:Shadow Palette,Purples,subcategory:Eye Palettes,technology:Pressed Powder,unitnumber:9,unittype:single",2019-11-15T09:57:33-08:00,Title,Default Title,,,,,EyePalette-Anna,113,shopify,,,,16.00,,True,True,,,1,,,Anna,Anna,,,,,,,,,,,,,,,G,,
